,store id,revenue ,profit
0,101,779183,281257
1,101,144829,838451
2,101,766465,757565
3,101,353297,261071
4,101,615461,275760
5,101,246731,949229
6,101,1951518,301016
7,101,444669,430583
8,101,885105,486356
9,101,876026,580647
10,101,110226,915922
11,101,776026,478637
12,101,717628,364841
13,101,511155,631582
14,101,139407,306587
15,101,603344,160666
16,101,311392,736491
17,101,178464,115363
18,101,643865,781233
19,101,215329,685128
20,101,535102,992128
21,101,151450,950516
22,101,111897,387470
23,101,386291,198654
24,101,635899,157004
25,101,218239,168194
26,101,223689,352710
27,101,541110,295287
28,101,660028,341170
29,101,248960,945138
30,101,924043,422705
31,101,888369,263757
32,101,137200,566432
33,101,947024,623650
34,101,509948,622417
35,101,305556,425251
36,101,365225,210160
37,101,849505,253489
38,101,293547,807984
39,101,129350,818099
40,101,22642989,645310
41,101,154437,988068
42,101,568764,738049
43,101,955538,143249
44,101,189269,210775
45,101,241523,496778
46,101,818942,766279
47,101,865294,350099
48,101,322803,921816
49,101,413089,113580
50,101,758083,932427
51,101,358731,606177
52,101,136670,191027
53,101,665366,985351
54,101,913308,981547
55,101,235616,999648
56,101,554815,112165
57,101,880250,262366
58,101,891196,162537
59,101,863024,571096
60,101,893151,602528
61,101,190340,416740
62,101,926501,430962
63,101,453287,906795
64,101,791077,710773
65,101,510341,913935
66,101,550677,842463
67,101,395637,130236
68,101,977798,800386
69,101,285951,750787
70,101,678533,572852
71,101,555781,595197
72,101,318945,637564
73,101,320376,262980
74,101,327729,271632
75,101,694606,211472
76,101,999860,173347
77,101,602018,136644
78,101,437232,830155
79,101,805562,489286
80,101,564713,433471
81,101,231313,481221
82,101,760313,493259
83,101,857907,420505
84,101,623294,341141
85,101,478942,385781
86,101,804129,544988
87,101,311103,129406
88,101,656747,961727
89,101,683041,694254
90,101,886604,475388
91,101,854151,427191
92,101,318398,425645
93,101,944585,393064
94,101,309145,992324
95,101,854137,484452
96,101,541997,792510
97,101,965431,457960
98,101,656896,586067
99,101,829785,275426
100,101,893150,826645
101,101,928797,188825
102,101,665192,809137
103,101,171486,303363
104,101,216204,728213
105,101,254073,313120
106,101,803312,253708
107,101,108974,218327
108,101,808723,795235
109,101,694604,212057
110,101,182073,189354
111,101,520907,173756
112,101,900552,817142
113,101,351414,830122
114,101,222108,571806
115,101,702576,103450
116,101,235269,859256
117,101,161099,768215
118,101,282974,852799
119,101,906945,331486
120,101,411683,605171
121,101,271179,425085
122,101,424413,909418
123,101,983745,350967
124,101,726239,351108
125,101,459716,847441
126,101,147737,535543
127,101,680565,175053
128,101,144466,376264
129,101,188939,697371
130,101,824357,761536
131,101,463364,487379
132,101,957493,505136
133,101,779652,164250
134,101,997353,774182
135,101,654907,683307
136,101,158346,165392
137,101,858904,580135
138,101,998341,485226
139,101,963557,867844
140,101,160598,149341
141,101,668189,198685
142,101,785819,644697
143,101,776414,660492
144,101,990899,429079
145,101,715330,587170
146,101,362958,372489
147,101,899313,149658
148,101,781532,501056
149,101,579460,571105
150,101,620582,429700
151,101,633933,563112
152,101,594475,239678
153,101,667766,617649
154,101,128457,349656
155,101,482054,498131
156,101,755678,154232
157,101,152089,356476
158,101,405824,955736
159,101,901180,518887
160,101,889040,942627
161,101,286490,306597
162,101,807287,622467
163,101,635008,148280
164,101,592885,632825
165,101,598603,796228
166,101,927903,148138
167,101,673192,238970
168,101,281228,560417
169,101,795334,802970
170,101,967020,321480
171,101,691070,934872
172,101,890226,269018
173,101,131371,490129
174,101,316804,414870
175,101,526334,908656
176,101,674680,127127
177,101,323235,518327
178,101,300563,501148
179,101,173482,259633
180,101,110531,111815
181,101,151727,101900
182,101,275897,436781
183,101,340397,573036
184,101,838833,969810
185,101,536144,137370
186,101,913917,472380
187,101,881924,496112
188,101,151460,184626
189,101,369901,683446
190,101,766864,180638
191,101,396904,379957
192,101,781536,738518
193,101,583396,212245
194,101,978931,647674
195,101,400072,540930
196,101,349466,897361
197,101,772823,281354
198,101,275875,559763
199,101,482894,348968
200,102,621146,340535
201,102,322448,403289
202,102,257672,390857
203,102,790900,807880
204,102,775367,109970
205,102,849986,448311
206,102,682035,763480
207,102,160505,146825
208,102,720427,708321
209,102,672226,238854
210,102,909921,232217
211,102,834755,672190
212,102,522230,170557
213,102,455308,343866
214,102,197578,249848
215,102,191700,442302
216,102,974807,369396
217,102,602384,969530
218,102,773113,261411
219,102,771678,670592
220,102,928290,226559
221,102,494645,434369
222,102,244767,229800
223,102,370866,115662
224,102,152595,701497
225,102,266901,103929
226,102,678474,135609
227,102,182114,764891
228,102,159575,412531
229,102,252753,122383
230,102,616354,176872
231,102,937794,604909
232,102,316572,633009
233,102,270237,795228
234,102,749464,551001
235,102,906011,932527
236,102,684512,395951
237,102,156447,737378
238,102,201426,211393
239,102,529629,149682
240,102,844442,381839
241,102,803115,766580
242,102,504618,185457
243,102,647152,824056
244,102,980852,510899
245,102,114572,269202
246,102,832133,855425
247,102,216789,808131
248,102,780156,799566
249,102,827872,326663
250,102,587933,495998
251,102,195780,680573
252,102,583913,340973
253,102,214433,260913
254,102,223083,369307
255,102,836181,237408
256,102,524044,428844
257,102,369572,787388
258,102,158638,382002
259,102,142720,293333
260,102,707178,223346
261,102,122801,912987
262,102,906771,440686
263,102,153175,775973
264,102,302598,799603
265,102,349421,325604
266,102,518059,138623
267,102,661260,291069
268,102,303026,826592
269,102,179894,871786
270,102,285086,800044
271,102,907973,820834
272,102,629743,611241
273,102,876355,379907
274,102,757801,165713
275,102,179000,595987
276,102,405998,789036
277,102,124622,577089
278,102,637460,222294
279,102,720098,484968
280,102,943129,359095
281,102,322567,583385
282,102,282021,255779
283,102,506584,559935
284,102,758266,611715
285,102,283266,524449
286,102,215988,779083
287,102,354809,587800
288,102,354640,182494
289,102,625555,320521
290,102,399052,370007
291,102,244534,420763
292,102,289028,662762
293,102,375638,307920
294,102,935688,484601
295,102,316043,694579
296,102,191006,333155
297,102,957174,959500
298,102,328795,996851
299,102,176905,450305
300,102,684682,515588
301,102,181529,298403
302,102,485869,340345
303,102,801252,571675
304,102,329786,570831
305,102,887573,301634
306,102,480612,495845
307,102,486067,343209
308,102,660509,948095
309,102,787642,212659
310,102,220035,739161
311,102,598485,594475
312,102,483753,156156
313,102,624780,690190
314,102,387356,617722
315,102,965297,839964
316,102,419661,304065
317,102,887414,459443
318,102,719272,257047
319,102,576547,174655
320,102,265031,906243
321,102,462605,252681
322,102,369433,679998
323,102,772721,156045
324,102,610144,483289
325,102,376697,429279
326,102,587436,682006
327,102,631626,900250
328,102,949910,796080
329,102,793957,752277
330,102,398275,131683
331,102,418410,397458
332,102,682517,429797
333,102,244881,748252
334,102,304220,506638
335,102,432975,687737
336,102,483512,821932
337,102,311586,272428
338,102,626325,219578
339,102,445601,189028
340,102,992777,968941
341,102,972841,616618
342,102,207338,785450
343,102,514418,469059
344,102,349336,243613
345,102,280460,455234
346,102,548228,887707
347,102,341343,358798
348,102,406067,341061
349,102,176694,398226
350,102,684323,662520
351,102,883820,396216
352,102,709095,673549
353,102,271473,753117
354,102,289890,498248
355,102,406730,375334
356,102,708685,879409
357,102,868272,203636
358,102,979883,533702
359,102,571377,951284
360,102,691668,620229
361,102,855329,697227
362,102,906010,522773
363,102,509182,956319
364,102,892691,433720
365,102,188652,598130
366,102,390087,915178
367,102,260009,824225
368,102,422829,373173
369,102,818537,770659
370,102,862945,954817
371,102,185499,423237
372,102,646796,686701
373,102,543815,891906
374,102,630467,865229
375,102,160770,613952
376,102,482713,953583
377,102,521892,347861
378,102,649978,922787
379,102,179344,336932
380,102,991858,393196
381,102,257415,192995
382,102,237805,667000
383,102,742460,823042
384,102,370907,311585
385,102,260989,745075
386,102,584847,575465
387,102,965957,206191
388,102,476592,438312
389,102,989899,282704
390,102,899013,710325
391,102,771812,674161
392,102,644157,535378
393,102,498971,742690
394,102,333712,838509
395,102,924158,748187
396,102,360977,761949
397,102,211666,962725
398,102,370659,801465
399,102,241491,544355
400,103,943295,571171
401,103,945551,631101
402,103,762084,621153
403,103,636399,939405
404,103,435950,581351
405,103,711704,293930
406,103,935071,884943
407,103,707504,228571
408,103,789113,727476
409,103,182615,118396
410,103,546255,778543
411,103,911958,914449
412,103,503621,570681
413,103,430770,641831
414,103,705096,970878
415,103,908247,498274
416,103,105958,734437
417,103,875336,334962
418,103,315672,309212
419,103,825513,946998
420,103,313043,188372
421,103,941151,156917
422,103,116708,634896
423,103,786722,268414
424,103,408334,444509
425,103,490221,729142
426,103,986933,789985
427,103,111514,162008
428,103,845607,991097
429,103,941934,475977
430,103,583898,252800
431,103,935259,710278
432,103,823462,284296
433,103,574525,649244
434,103,604134,178802
435,103,414491,836872
436,103,573020,959424
437,103,636827,277822
438,103,610542,634737
439,103,778636,752082
440,103,930612,365043
441,103,605880,767432
442,103,516941,721335
443,103,639177,566688
444,103,961877,672969
445,103,724288,485848
446,103,876615,549282
447,103,267280,589844
448,103,409590,612922
449,103,189370,398861
450,103,757081,665490
451,103,555140,693477
452,103,326299,599916
453,103,259272,679199
454,103,873484,863160
455,103,740941,856358
456,103,234492,897377
457,103,360597,845446
458,103,463924,226417
459,103,273739,961772
460,103,564556,757705
461,103,334089,768316
462,103,932470,454835
463,103,113741,198262
464,103,967435,338170
465,103,920782,341459
466,103,233550,424147
467,103,974635,110861
468,103,529002,302472
469,103,587200,611196
470,103,538088,945708
471,103,673229,609578
472,103,961677,611016
473,103,775975,947087
474,103,825886,659468
475,103,522763,355251
476,103,169003,438569
477,103,586073,316494
478,103,835710,213937
479,103,107938,623692
480,103,847491,131100
481,103,274786,274854
482,103,203780,432411
483,103,690028,261055
484,103,555364,676604
485,103,267408,417426
486,103,356017,465220
487,103,651323,578803
488,103,180562,698578
489,103,991826,474299
490,103,514754,387078
491,103,335287,840396
492,103,868168,718919
493,103,898830,917947
494,103,546454,117298
495,103,567910,130551
496,103,612154,770423
497,103,714990,419137
498,103,386540,179554
499,103,464181,735299
500,103,697814,128561
501,103,878336,299217
502,103,808422,322222
503,103,583892,858096
504,103,514996,593429
505,103,351327,174081
506,103,423521,317135
507,103,384911,522049
508,103,107652,825089
509,103,311316,855438
510,103,283056,341387
511,103,704367,657666
512,103,809664,982995
513,103,649931,929116
514,103,760997,979107
515,103,677492,421098
516,103,647643,725793
517,103,167436,919688
518,103,125653,647518
519,103,879181,633103
520,103,466244,847438
521,103,780989,981455
522,103,715958,616620
523,103,654248,103685
524,103,526765,896062
525,103,911852,219999
526,103,562549,758039
527,103,446104,328605
528,103,535103,560439
529,103,180624,545055
530,103,399364,651348
531,103,961538,818713
532,103,194893,574334
533,103,856764,239116
534,103,692602,599017
535,103,658199,357540
536,103,839640,378802
537,103,117177,116747
538,103,160436,741884
539,103,333275,170398
540,103,241380,774785
541,103,886191,279889
542,103,988674,919272
543,103,611533,254772
544,103,836307,874468
545,103,685920,845146
546,103,824116,313493
547,103,583113,253418
548,103,334215,455352
549,103,613516,808584
550,103,440339,461566
551,103,216802,107618
552,103,302163,620836
553,103,141009,489239
554,103,608257,630806
555,103,309188,556242
556,103,327844,821985
557,103,359973,271321
558,103,353938,675619
559,103,983339,523852
560,103,538176,334515
561,103,482314,467873
562,103,673480,834864
563,103,953682,107786
564,103,309067,958351
565,103,439427,820016
566,103,132570,271456
567,103,885350,401169
568,103,720233,460028
569,103,418861,584692
570,103,533514,772611
571,103,101974,335662
572,103,513951,917486
573,103,169301,535135
574,103,566008,357828
575,103,767831,248735
576,103,878654,922448
577,103,770145,435096
578,103,145939,791315
579,103,300388,920488
580,103,834691,388093
581,103,877617,775501
582,103,767404,264878
583,103,823602,161047
584,103,476575,124836
585,103,656248,765385
586,103,873784,373096
587,103,693333,375071
588,103,448163,493329
589,103,964490,216427
590,103,533631,410190
591,103,816082,873864
592,103,757904,562483
593,103,962933,799917
594,103,445516,648891
595,103,722557,412841
596,103,106850,102244
597,103,534531,234029
598,103,523857,785388
599,103,153858,668848
600,103,400164,743364
601,103,258211,263096
602,103,552881,863590
603,103,231738,311300
604,103,191597,991070
605,103,583412,913095
606,103,274585,263726
607,103,173990,244615
608,104,699212,667908
609,104,744931,802637
610,104,705138,737397
611,104,756242,454532
612,104,500903,121089
613,104,343395,738395
614,104,291688,849754
615,104,611925,447816
616,104,303722,357268
617,104,106747,253417
618,104,348849,227142
619,104,765675,640535
620,104,194019,566334
621,104,521125,977345
622,104,232483,736524
623,104,470537,332223
624,104,464875,524069
625,104,972897,848289
626,104,484432,113421
627,104,256662,297746
628,104,589111,116976
629,104,775641,406470
630,104,617610,399258
631,104,723783,118222
632,104,719014,761708
633,104,291509,422805
634,104,511630,752579
635,104,818814,466970
636,104,501738,576926
637,104,417376,566676
638,104,372057,866023
639,104,751751,964238
640,104,223315,469540
641,104,740633,811802
642,104,285036,226621
643,104,321924,823280
644,104,507518,916954
645,104,224771,566735
646,104,152302,120733
647,104,153433,584142
648,104,180629,373117
649,104,974039,378314
650,104,893904,888938
651,104,374772,311106
652,104,475479,673372
653,104,169892,606835
654,104,806662,605028
655,104,287006,969534
656,104,479530,712365
657,104,332430,865400
658,104,131102,612982
659,104,261157,862725
660,104,432184,208255
661,104,496661,552034
662,104,998673,457640
663,104,656334,772348
664,104,137153,241569
665,104,710356,352732
666,104,755161,156375
667,104,646412,436424
668,104,310204,178956
669,104,399136,292852
670,104,476246,549406
671,104,640589,651906
672,104,618576,775405
673,104,238152,959266
674,104,206444,253837
675,104,724383,249028
676,104,483107,677031
677,104,860342,828005
678,104,608175,742669
679,104,758380,844622
680,104,758402,164077
681,104,122322,955326
682,104,458282,136266
683,104,726466,785167
684,104,552856,611486
685,104,126611,866816
686,104,806489,531461
687,104,532512,300661
688,104,984017,632773
689,104,245779,672756
690,104,398973,383884
691,104,875935,475699
692,104,633065,753166
693,104,893935,180586
694,104,975448,411963
695,104,265762,427559
696,104,878269,251157
697,104,943917,382528
698,104,446039,800795
699,104,268589,994038
700,104,175891,307366
701,104,810983,317969
702,104,698628,979562
703,104,957888,688944
704,104,756187,422104
705,104,115026,317846
706,104,894911,652470
707,104,769598,713532
708,104,170327,844960
709,104,146734,538861
710,104,428765,463096
711,104,500826,904816
712,104,380222,843394
713,104,188439,114506
714,104,222899,542615
715,104,762367,731122
716,104,824694,651789
717,104,122564,378562
718,104,470947,451812
719,104,582384,282453
720,104,212109,433877
721,104,602142,578195
722,104,589409,975497
723,104,103831,781536
724,104,813264,339901
725,104,290391,200545
726,104,623220,533713
727,104,149266,879831
728,104,801519,198983
729,104,377043,795585
730,104,675857,785209
731,104,981041,825741
732,104,116338,488990
733,104,877002,903752
734,104,658589,246059
735,104,352850,506887
736,104,105957,626441
737,104,630559,447972
738,104,236147,166305
739,104,937530,694274
740,104,855774,745645
741,104,883943,978887
742,104,253866,537201
743,104,875301,810730
744,104,770190,364118
745,104,526416,245814
746,104,675897,589805
747,104,719547,773937
748,104,317359,237993
749,104,312495,815921
750,104,645990,259433
751,104,840468,880153
752,104,856150,394464
753,104,471930,970860
754,104,292303,856311
755,104,264051,136675
756,104,490044,265523
757,104,516150,648070
758,104,315124,105780
759,104,982891,612092
760,104,121997,857525
761,104,524392,213750
762,104,552769,233199
763,104,817539,457761
764,104,805943,962736
765,104,838484,728286
766,104,801426,864465
767,104,381247,134740
768,104,330224,406999
769,104,796135,833591
770,104,953927,716640
771,104,591132,205912
772,104,133721,800200
773,104,376726,811253
774,104,301539,803271
775,104,948865,696750
776,104,823553,666248
777,104,219622,474573
778,104,241252,832347
779,104,620738,164770
780,104,127509,961956
781,104,553680,226657
782,104,468436,196628
783,104,490121,346872
784,104,832571,281218
785,104,453764,431552
786,104,909683,475593
787,104,876349,256971
788,104,721048,240339
789,104,754023,711797
790,104,650394,122275
791,104,593594,618433
792,104,525724,601988
793,104,259972,268394
794,104,384931,942540
795,104,398196,908057
796,104,551116,299139
797,104,843094,259164
798,104,528797,145377
799,104,212743,314153
800,104,148515,870448
801,104,858669,230851
802,104,568269,963472
803,104,552031,838421
804,104,643891,687905
805,104,959546,934772
806,104,595872,745492
807,104,847872,900910
808,104,445273,794196
809,104,833910,160816
810,104,276730,943517
811,104,987253,219431
812,104,832456,266153
813,104,459254,246291
814,104,588608,571797
815,104,303712,514984
816,104,605640,517365
817,104,492065,713975
818,104,344010,891881
819,104,415897,182393
820,104,311761,555681
821,104,217798,373312
822,104,660783,654275
823,104,479014,977552
824,104,545313,307461
825,104,586638,429769
826,104,778678,521332
827,104,830090,226494
828,104,436778,735017
829,104,406102,426331
830,104,270100,254403
831,104,581166,205038
832,104,164893,871302
833,104,943392,314824
834,104,203752,119933
835,104,148121,939720
836,104,499129,235774
837,104,757301,195822
838,104,180851,165470
839,104,643765,382918
840,104,602123,603096
841,104,192906,935803
842,104,548524,296931
843,104,325765,870359
844,104,643333,397031
845,104,871349,687384
846,104,113260,755803
847,104,704113,762577
848,104,911653,457470
849,104,869726,933388
850,104,877225,529200
851,104,276695,894167
852,104,410599,905427
853,104,849510,717168
854,104,448560,662786
855,104,437807,796386
856,104,830381,246867
857,104,411574,838030
858,104,118625,217850
859,104,169088,908327
860,104,713503,775684
861,104,509404,246349
862,104,448297,603638
863,104,152909,130731
864,104,381194,711206
865,104,516243,987569
866,104,370983,243403
867,104,521100,443728
868,104,562917,834109
869,104,110465,133639
870,104,245623,134604
871,104,806798,187358
872,104,717793,681975
873,104,218353,932460
874,104,590990,365129
875,104,580029,642704
876,104,834162,547346
877,104,632156,570732
878,104,628012,470792
879,104,153626,708932
880,104,851748,280250
881,104,304197,656203
882,104,769240,765895
883,104,701361,511073
884,105,177405,424857
885,105,190142,121339
886,105,886859,482213
887,105,549491,950202
888,105,209977,410858
889,105,766905,424469
890,105,575776,104686
891,105,226713,328164
892,105,566388,143633
893,105,119836,415112
894,105,791514,646620
895,105,398536,363698
896,105,779774,249762
897,105,298818,638747
898,105,163565,458439
899,105,199092,695880
900,105,300704,354705
901,105,406971,609419
902,105,935701,885176
903,105,324150,892720
904,105,242851,725962
905,105,748730,619004
906,105,856305,260324
907,105,281874,565153
908,105,577795,259009
909,105,206499,245831
910,105,577378,813936
911,105,522680,997659
912,105,286444,833995
913,105,553508,232178
914,105,916987,371125
915,105,383949,596449
916,105,291327,221629
917,105,834789,228303
918,105,633335,106138
919,105,961047,927896
920,105,820122,793050
921,105,876925,281633
922,105,121925,379873
923,105,250244,594333
924,105,702123,734714
925,105,225011,868991
926,105,124968,326166
927,105,234679,853242
928,105,246401,937931
929,105,142015,863020
930,105,478469,101975
931,105,492923,873464
932,105,863838,908523
933,105,951802,316273
934,105,842466,100355
935,105,604651,153267
936,105,316086,634021
937,105,232519,569271
938,105,759034,148909
939,105,666677,622199
940,105,825866,514052
941,105,331278,348448
942,105,845153,768841
943,105,411583,596920
944,105,873698,190434
945,105,417681,383946
946,105,786581,452959
947,105,284074,329808
948,105,261373,948736
949,105,747519,341746
950,105,236819,203140
951,105,266300,863190
952,105,666332,727834
953,105,400228,158453
954,105,269139,152166
955,105,823220,114903
956,105,505461,191249
957,105,471971,127164
958,105,124466,598886
959,105,732775,507478
960,105,866991,996946
961,105,681515,394147
962,105,101428,508074
963,105,479853,548135
964,105,179854,167947
965,105,800289,595517
966,105,984632,653691
967,105,457103,427817
968,105,751771,570136
969,105,696566,943005
970,105,996363,756246
971,105,491057,409556
972,105,130083,915335
973,105,428690,794710
974,105,875261,545000
975,105,568868,110346
976,105,880684,944404
977,105,315107,605012
978,105,254133,165481
979,105,195668,976144
980,105,233316,469349
981,105,843654,641058
982,105,139706,412604
983,105,850279,129672
984,105,684153,817325
985,105,784309,772158
986,105,179960,459099
987,105,370647,958654
988,105,576715,799008
989,105,680979,818264
990,105,881951,814720
991,105,481879,284506
992,105,170694,516245
993,105,572488,245415
994,105,202323,999244
995,105,386027,372756
996,105,303781,627844
997,105,342642,513289
998,105,416895,934902
999,105,722935,257340
1000,105,568959,661802
1001,105,202366,953053
1002,105,659278,730528
1003,105,278692,913501
1004,105,467754,455780
1005,105,427950,456874
1006,105,899101,232286
1007,105,376687,294402
1008,105,168726,151949
1009,105,964619,278366
1010,105,805299,421346
1011,105,288711,810560
1012,105,136973,556329
1013,105,166063,857131
1014,105,529516,866354
1015,105,510424,901269
1016,105,820774,428977
1017,105,598585,579967
1018,105,116496,667444
1019,105,191653,934974
1020,105,931103,759975
1021,105,836541,925675
1022,105,177122,733918
1023,105,625493,369766
1024,105,510237,901630
1025,105,724638,656596
1026,105,567443,929013
1027,105,748826,450809
1028,105,408537,952630
1029,105,125150,400216
1030,105,684924,184129
1031,105,414088,958747
1032,105,645801,904459
1033,105,811113,768193
1034,105,112373,426389
1035,105,800249,605417
1036,105,662756,820241
1037,105,394331,952315
1038,105,657390,214270
1039,105,148873,952918
1040,105,636203,755353
1041,105,762111,127973
1042,105,778264,576566
1043,105,478093,273171
1044,105,701001,561125
1045,105,797073,919643
1046,105,663745,762505
1047,105,428851,419910
1048,105,253139,829902
1049,105,791143,489492
1050,105,592480,809849
1051,105,205584,790293
1052,105,690807,341095
1053,105,564940,504540
1054,105,998266,410515
1055,105,827796,823049
1056,105,119323,854737
1057,105,326639,869109
1058,105,411293,477706
1059,105,994019,410789
1060,105,877735,303814
1061,105,247903,612434
1062,105,332722,503941
1063,105,816566,242811
1064,105,530259,283642
1065,105,786236,936294
1066,105,512557,310386
1067,105,864490,788214
1068,105,981443,320966
1069,105,426220,121522
1070,105,894062,699692
1071,105,878782,844956
1072,105,196826,473974
1073,105,358148,597607
1074,105,612684,419131
1075,105,217502,778956
1076,105,428367,401155
1077,105,370864,610960
1078,105,801134,316482
1079,105,817773,116413
1080,105,545830,336470
1081,105,709163,461773
1082,105,273519,664508
1083,105,676323,160974
1084,105,148744,722411
1085,105,711382,879793
1086,105,960840,406129
1087,105,350033,381972
1088,105,704413,993126
1089,105,940486,432198
1090,105,588560,976144
1091,105,628493,631519
1092,105,309013,577363
1093,105,522098,721747
1094,105,513482,896770
1095,105,133570,987980
1096,105,720839,455404
1097,105,369299,431235
1098,105,451593,953295
1099,105,516446,399392
1100,105,873366,345924
1101,105,756181,561958
1102,105,175834,182366
1103,105,521136,710383
1104,105,328250,574399
1105,105,409421,506353
1106,105,624666,449085
1107,105,861321,749699
1108,105,202272,974064
1109,105,688348,280359
1110,105,401549,313774
1111,105,177399,154755
1112,105,744237,839907
1113,105,846138,105670
1114,105,305587,943973
1115,105,441923,203426
1116,105,216997,563706
1117,105,555346,173057
1118,105,616631,565320
1119,105,611831,866847
1120,105,536524,386004
1121,105,216195,444211
1122,105,493226,131981
1123,105,859903,347565
1124,105,509972,474866
1125,105,544422,348865
1126,105,221179,335640
1127,105,221628,146774
1128,105,312817,102319
1129,105,267830,100669
1130,105,773774,964063
1131,105,522979,853925
1132,105,837502,193310
1133,105,879455,680243
1134,105,581028,428207
1135,105,825197,194279
1136,105,359940,454700
1137,105,607643,748185
1138,105,888857,636853
1139,105,790960,409432
1140,105,135199,478399
1141,105,637616,920891
1142,105,955654,362516
1143,105,469196,843592
1144,105,954731,922045
1145,105,234626,373350
1146,105,609975,169161
1147,105,411739,554091
1148,105,987130,881077
1149,105,747479,676131
1150,105,844883,855639
1151,105,631351,767819
1152,105,647745,862241
1153,105,165611,189804
1154,105,356091,302399
1155,105,746156,123083
1156,105,195401,814047
1157,105,314819,814262
1158,105,492997,198874
1159,105,880411,859271
1160,105,640942,743778
1161,105,745935,694644
1162,105,975475,117663
1163,105,584327,793288
1164,105,207184,332439
1165,105,753670,603906
1166,105,691318,807501
1167,105,317523,511569
1168,105,852037,398716
1169,105,366965,427957
1170,105,573972,198120
1171,105,852087,182016
1172,105,102639,169782
1173,105,540680,681255
1174,105,946897,890931
1175,105,698364,940294
1176,105,333271,706360
1177,105,414776,173584
1178,105,686734,491493
1179,105,365728,492756
1180,105,962196,831401
1181,105,308428,408694
1182,105,547274,666084
1183,105,903799,479855
1184,105,925717,784595
1185,105,167694,311358
1186,105,713951,768221
1187,105,742567,198724
1188,105,682503,603758
1189,105,962052,707821
1190,105,857624,739053
1191,105,708707,277291
1192,105,555075,899901
1193,105,950686,475889
1194,105,695280,614650
1195,105,736797,571727
1196,105,482707,449272
1197,105,565944,499675
1198,105,202146,439062
1199,105,201901,503230
1200,105,331387,580628
1201,105,234212,943304
1202,105,770829,415184
1203,105,378777,614827
1204,105,802478,187180
1205,105,566057,778081
1206,105,197109,267781
1207,105,375702,842683
1208,105,239810,280937
1209,105,182142,998826
1210,105,795594,378390
1211,105,389388,270564
1212,105,681939,270888
1213,105,802769,507193
1214,105,573826,756531
1215,105,396305,937963
1216,105,711286,967784
1217,105,870403,209362
1218,105,488087,415562
1219,105,838948,879502
1220,105,686301,292877
1221,105,220612,954077
1222,105,865941,283622
1223,105,170822,837051
1224,105,917067,347173
1225,105,402729,283666
1226,105,282012,485383
1227,105,760987,258847
1228,105,618223,788619
1229,105,736099,252919
1230,105,296838,995880
1231,105,864983,775236
1232,105,716643,836643
1233,105,986607,793987
1234,105,243965,292252
1235,105,603131,461030
1236,105,188887,654618
1237,105,407750,674420
1238,105,843647,516508
1239,105,566818,536592
1240,105,819911,508667
1241,105,112174,939490
1242,105,889483,834433
1243,105,154863,350434
1244,105,703554,563461
1245,105,539098,703538
1246,105,536274,127119
1247,105,747662,655988
1248,105,551227,952049
1249,105,203182,161821
1250,105,798931,345219
1251,105,209847,892860
1252,105,129594,199620
1253,105,496533,124952
1254,105,991013,792428
1255,105,755563,858764
1256,105,454374,917338
1257,105,611385,253257
1258,105,576375,779718
1259,105,120836,319960
1260,105,336803,851167
1261,105,304817,920369
1262,105,426032,786623
1263,106,764330,518869
1264,106,671777,426759
1265,106,876997,594756
1266,106,399289,999408
1267,106,832841,989665
1268,106,586701,371668
1269,106,235605,907291
1270,106,249265,176080
1271,106,421147,487202
1272,106,760129,879835
1273,106,867886,816456
1274,106,479352,820466
1275,106,621990,896873
1276,106,879545,380401
1277,106,586949,213262
1278,106,721482,941502
1279,106,366997,761765
1280,106,642753,429336
1281,106,370484,320161
1282,106,934708,926028
1283,106,678901,724063
1284,106,173775,569488
1285,106,197811,433327
1286,106,327951,779294
1287,106,643138,854986
1288,106,480149,485222
1289,106,404871,949475
1290,106,856163,713254
1291,106,523552,595630
1292,106,944733,833599
1293,106,295452,165413
1294,106,333240,766058
1295,106,895185,954587
1296,106,473674,637168
1297,106,937219,683820
1298,106,308595,182330
1299,106,603307,630334
1300,106,276716,445818
1301,106,341442,924859
1302,106,436038,481562
1303,106,962367,883662
1304,106,358254,938346
1305,106,645535,476689
1306,106,618512,315675
1307,106,268157,592702
1308,106,715248,389854
1309,106,564184,616361
1310,106,572466,198899
1311,106,582416,214522
1312,106,340989,865347
1313,106,459183,331214
1314,106,803040,406014
1315,106,334470,504606
1316,106,907003,836464
1317,106,466275,931756
1318,106,383823,375214
1319,106,997291,102363
1320,106,909387,548737
1321,106,803881,959608
1322,106,224795,926906
1323,106,994478,848889
1324,106,308723,907994
1325,106,587207,454815
1326,106,584677,324961
1327,106,637291,755368
1328,106,846281,606968
1329,106,334986,311015
1330,106,963366,426489
1331,106,427324,134606
1332,106,305387,410256
1333,106,474613,198455
1334,106,575617,284399
1335,106,133547,627164
1336,106,941073,146801
1337,106,312385,503582
1338,106,474389,892468
1339,106,435238,963743
1340,106,978896,999497
1341,106,162042,837336
1342,106,982896,496255
1343,106,149026,552760
1344,106,834723,236889
1345,106,959580,766246
1346,106,380473,318654
1347,106,110349,766252
1348,106,306077,325967
1349,106,358564,260099
1350,106,752478,755900
1351,106,600614,616497
1352,106,329322,684316
1353,106,463701,791520
1354,106,941305,470882
1355,106,525613,630141
1356,106,482078,810777
1357,106,373007,149374
1358,106,198748,835981
1359,106,883150,854886
1360,106,724188,148942
1361,106,557909,676422
1362,106,996047,373663
1363,106,321064,704026
1364,106,377339,476714
1365,106,370022,797216
1366,106,691586,987462
1367,106,340188,625305
1368,106,204598,990695
1369,106,199463,796967
1370,106,801325,298889
1371,106,425699,199865
1372,106,549165,471535
1373,106,112745,230139
1374,106,395032,306076
1375,106,967326,616022
1376,106,818076,590455
1377,106,512625,928995
1378,106,192803,203296
1379,106,850429,100935
1380,106,704209,903250
1381,106,921836,177995
1382,106,659903,774870
1383,106,937906,391649
1384,106,731414,692647
1385,106,746260,573176
1386,106,751850,982473
1387,106,816692,915612
1388,106,409091,775557
1389,106,487180,372046
1390,106,679144,891440
1391,106,545684,711492
1392,106,884657,174169
1393,106,748819,976430
1394,106,877577,891200
1395,106,365289,289716
1396,106,762694,686225
1397,106,843003,300558
1398,106,494747,721524
1399,106,869416,637447
1400,106,729546,714614
1401,106,597384,565483
1402,106,571750,458437
1403,106,504065,356184
1404,106,629038,232104
1405,106,566776,924346
1406,106,935041,610363
1407,106,368610,188092
1408,106,904510,937426
1409,106,556430,510766
1410,106,468466,338282
1411,106,845587,480823
1412,106,804621,852357
1413,106,701983,647175
1414,106,244103,447218
1415,106,533928,889319
1416,106,614129,109925
1417,106,146808,862660
1418,106,420514,857681
1419,106,428512,535374
1420,106,427028,923893
1421,106,543357,404514
1422,106,123393,890716
1423,106,679488,819181
1424,106,828755,638423
1425,106,656083,940001
1426,106,483575,511066
1427,106,320372,123722
1428,106,351117,995280
1429,106,304670,929261
1430,106,524345,213482
1431,106,120184,697822
1432,106,118945,264673
1433,106,705222,750869
1434,106,213223,321053
1435,106,916930,136366
1436,106,230499,579398
1437,106,390021,814514
1438,106,249572,498282
1439,106,184998,574974
1440,106,101309,266801
1441,106,132214,617198
1442,106,640143,506009
1443,106,520905,563203
1444,106,344536,192784
1445,106,490901,168917
1446,106,962044,567830
1447,106,261383,942389
1448,106,124759,551529
1449,106,944384,804904
1450,106,722241,281541
1451,106,441293,774388
1452,106,183382,439247
1453,106,514669,772350
1454,106,252344,243632
1455,106,922243,905095
1456,106,171267,524209
1457,106,501078,787961
1458,106,557702,508446
1459,106,420004,628996
1460,106,172159,443653
1461,106,337414,937056
1462,106,620871,910287
1463,106,657455,671438
1464,106,530429,217299
1465,106,310924,431954
1466,106,500242,292883
1467,106,523501,234850
1468,106,922402,106402
1469,106,526982,600163
1470,106,123301,863851
1471,106,348904,931499
1472,106,915729,450304
1473,106,721428,287643
1474,106,809944,412240
1475,106,899482,609024
1476,106,476171,184868
1477,106,584658,234852
1478,106,130936,941511
1479,106,664672,585805
1480,106,841271,213361
1481,106,854272,251752
1482,106,801547,368772
1483,106,787048,609547
1484,106,591524,385638
1485,106,877874,644086
1486,106,697634,596855
1487,106,197969,924838
1488,106,564621,193052
1489,106,514738,900325
1490,106,474569,113302
1491,106,754672,131184
1492,106,978741,330431
1493,106,779760,989551
1494,107,844011,817702
1495,107,831569,520953
1496,107,937870,736279
1497,107,884665,771818
1498,107,253519,684962
1499,107,656668,482350
1500,107,489148,969352
1501,107,636703,185296
1502,107,828220,827744
1503,107,423668,669812
1504,107,940419,840500
1505,107,534465,240597
1506,107,797195,707382
1507,107,115833,680091
1508,107,311795,581564
1509,107,476431,781797
1510,107,197347,529697
1511,107,779667,778271
1512,107,822284,739388
1513,107,124172,952030
1514,107,597526,408913
1515,107,139746,714203
1516,107,674998,695192
1517,107,358604,444021
1518,107,528187,693252
1519,107,215283,374203
1520,107,557169,136874
1521,107,905968,694006
1522,107,680587,318790
1523,107,423824,269060
1524,107,723339,589263
1525,107,309414,737398
1526,107,105566,692109
1527,107,921714,855719
1528,107,358156,483342
1529,107,864347,729149
1530,107,430058,573618
1531,107,585183,337986
1532,107,957814,453616
1533,107,382891,862824
1534,107,889015,668712
1535,107,807875,918546
1536,107,459112,373317
1537,107,352294,488726
1538,107,606799,310445
1539,107,733258,132673
1540,107,611538,642726
1541,107,567088,650858
1542,107,173670,412100
1543,107,348378,590839
1544,107,765228,285113
1545,107,779861,830800
1546,107,582542,565268
1547,107,117681,503176
1548,107,400157,378871
1549,107,930641,434843
1550,107,126880,886816
1551,107,605679,911074
1552,107,382777,358616
1553,107,915333,733293
1554,107,478979,385178
1555,107,890830,883088
1556,107,458326,120141
1557,107,365187,397087
1558,107,287112,138915
1559,107,663226,815946
1560,107,434392,393866
1561,107,614377,666541
1562,107,559017,547197
1563,107,690591,212193
1564,107,568781,911745
1565,107,604796,292835
1566,107,572974,993461
1567,107,784810,454156
1568,107,528129,167010
1569,107,125322,982823
1570,107,448939,686943
1571,107,244511,657652
1572,107,605065,158713
1573,107,675242,204948
1574,107,179179,254122
1575,107,103241,318068
1576,107,422821,729128
1577,107,930015,735149
1578,107,168620,666673
1579,107,530060,295645
1580,107,736217,382557
1581,107,903855,636490
1582,107,627107,959101
1583,107,422628,584982
1584,107,491893,382102
1585,107,809658,772856
1586,107,205467,544397
1587,107,689345,639044
1588,107,128953,427487
1589,107,405477,725516
1590,107,568916,973495
1591,107,874479,594432
1592,107,525621,914978
1593,107,959745,690763
1594,107,485434,198795
1595,107,815078,804439
1596,107,957838,380267
1597,107,731505,257021
1598,107,533421,757730
1599,107,850630,430205
1600,107,330808,245063
1601,107,743700,856985
1602,107,590836,772543
1603,107,973765,413807
1604,107,742170,695947
1605,107,534634,350535
1606,107,249112,278892
1607,107,850638,822762
1608,107,448545,203762
1609,107,611968,291451
1610,107,631379,489249
1611,107,816769,119885
1612,107,780586,427798
1613,107,847510,113637
1614,107,345733,158947
1615,107,443366,420604
1616,107,195276,246987
1617,107,687072,325466
1618,107,394354,109298
1619,107,192124,566232
1620,107,780481,556331
1621,107,187696,537943
1622,107,415691,777246
1623,107,307666,465755
1624,107,684110,818998
1625,107,983044,121975
1626,107,736921,765221
1627,107,413754,314449
1628,107,160877,206330
1629,108,741422,107233
1630,108,606496,794000
1631,108,449679,290078
1632,108,700879,460357
1633,108,220952,923094
1634,108,874018,945113
1635,108,734654,591449
1636,108,199708,319663
1637,108,491237,254473
1638,108,238918,672128
1639,108,359287,389029
1640,108,104911,951042
1641,108,399350,404787
1642,108,583540,283321
1643,108,691351,326277
1644,108,222950,125667
1645,108,917237,771907
1646,108,970424,985325
1647,108,810572,626597
1648,108,454110,334503
1649,108,737350,926877
1650,108,612864,930460
1651,108,331307,686882
1652,108,386324,609354
1653,108,807696,826796
1654,108,921033,989241
1655,108,315363,421203
1656,108,233663,485912
1657,108,868981,340541
1658,108,567613,960457
1659,108,634718,817688
1660,108,915844,123555
1661,108,139171,120767
1662,108,152936,318558
1663,108,833279,984028
1664,108,197846,837596
1665,108,300699,561565
1666,108,778711,603521
1667,108,816773,416885
1668,108,698199,791211
1669,108,635316,171946
1670,108,244759,167710
1671,108,851854,524817
1672,108,919375,419447
1673,108,879306,222727
1674,108,807896,875508
1675,108,190921,929578
1676,108,234945,359366
1677,108,364388,510069
1678,108,874365,791411
1679,108,956195,942865
1680,108,132264,905824
1681,108,153368,423688
1682,108,475826,425783
1683,108,207218,381548
1684,108,608683,449708
1685,108,982166,415697
1686,108,692996,778953
1687,108,418626,953555
1688,108,461932,173516
1689,108,280254,833556
1690,108,768262,171656
1691,108,134997,555572
1692,108,382707,697380
1693,108,959058,158676
1694,108,333090,261133
1695,108,834010,396576
1696,108,506105,866287
1697,108,944468,910473
1698,108,244950,506661
1699,108,660168,950319
1700,108,811971,402057
1701,108,932059,294825
1702,108,582277,652487
1703,108,941762,496434
1704,108,170971,212161
1705,108,598576,444038
1706,108,117293,439847
1707,108,107545,865351
1708,108,194414,248993
1709,108,119196,980440
1710,108,361145,910385
1711,108,551662,275853
1712,108,526402,764501
1713,108,718720,892438
1714,108,692812,744033
1715,108,989788,781324
1716,108,587350,897180
1717,108,526871,806522
1718,108,897968,364994
1719,108,449001,818586
1720,108,207042,818021
1721,108,995550,103870
1722,108,288275,787008
1723,108,964320,805592
1724,108,117468,134339
1725,108,486803,523885
1726,108,117109,624211
1727,108,349634,373557
1728,108,770523,229598
1729,108,869480,290744
1730,108,127702,436634
1731,108,287472,247535
1732,108,265331,417317
1733,108,511087,417980
1734,108,480362,225567
1735,108,361647,436289
1736,108,312794,676784
1737,108,928480,826920
1738,108,514334,599617
1739,108,454006,648184
1740,108,795481,688846
1741,108,613763,131221
1742,108,456934,124346
1743,108,130107,725412
1744,108,973859,808174
1745,108,496533,770335
1746,108,486791,952003
1747,108,902947,612544
1748,108,716691,249012
1749,108,361784,846229
1750,108,125106,386405
1751,108,673651,264718
1752,108,650331,756763
1753,108,426216,264377
1754,108,359782,459178
1755,108,532309,180232
1756,108,123854,126946
1757,108,956895,613585
1758,108,617648,685488
1759,108,178786,603077
1760,108,153157,829117
1761,108,246433,865755
1762,108,293925,681127
1763,108,477243,854084
1764,108,126969,498951
1765,108,602964,586911
1766,108,408309,486829
1767,108,575759,987477
1768,108,584321,831978
1769,108,375169,534490
1770,108,989450,607211
1771,108,749768,934186
1772,108,636275,145622
1773,108,494837,288549
1774,108,224659,370330
1775,108,976771,610190
1776,108,317586,607286
1777,108,300181,273260
1778,108,250872,297722
1779,108,300753,626554
1780,108,573889,816268
1781,108,526480,958077
1782,108,262493,938255
1783,108,583549,402370
1784,108,232491,290469
1785,108,347325,469915
1786,108,603336,714788
1787,108,940515,573741
1788,108,714780,248260
1789,108,420051,522396
1790,108,730776,318310
1791,108,707848,689504
1792,108,710671,478457
1793,108,327498,875573
1794,108,883424,149897
1795,108,580856,254793
1796,108,986735,634466
1797,108,562130,795597
1798,108,399918,814608
1799,108,357567,160719
1800,108,223420,950613
1801,108,254257,830248
1802,108,795823,407878
1803,108,760445,574749
1804,108,145566,998244
1805,108,211002,293850
1806,108,673635,207085
1807,108,365707,295657
1808,108,989896,776079
1809,108,573600,928605
1810,108,687451,414198
1811,108,289648,237506
1812,108,718019,321919
1813,108,900868,169473
1814,108,565194,882437
1815,108,474553,141443
1816,108,496562,935434
1817,108,960814,694430
1818,108,658349,850069
1819,108,849414,250869
1820,108,335976,299725
1821,108,922318,898805
1822,108,738061,919998
1823,108,770565,221356
1824,108,320765,264132
1825,108,711635,205997
1826,108,215152,238898
1827,108,781196,489040
1828,108,369846,737653
1829,108,130341,904917
1830,108,475704,250899
1831,108,143843,386443
1832,108,212353,694933
1833,108,600878,419941
1834,108,941065,614133
1835,108,456669,122917
1836,108,995485,217733
1837,108,237263,711940
1838,108,169303,931816
1839,108,725290,433214
1840,108,728617,665700
1841,108,374582,341689
1842,108,575785,834115
1843,108,914561,765671
1844,108,659956,395891
1845,108,992193,272893
1846,108,385772,905960
1847,108,628498,627291
1848,108,408135,176491
1849,108,812790,890367
1850,108,241048,170699
1851,108,745728,278053
1852,108,467924,841358
1853,108,720601,703773
1854,108,920983,806978
1855,108,850873,418314
1856,108,772459,342493
1857,108,726965,699387
1858,108,573747,666867
1859,108,124901,336061
1860,108,702759,866327
1861,108,401076,203173
1862,108,762177,847565
1863,108,159054,779379
1864,108,905326,389303
1865,108,143281,593829
1866,108,579967,629231
1867,108,729695,176485
1868,108,357747,244310
1869,108,216442,375043
1870,108,694798,207166
1871,108,863420,338622
1872,108,102487,355537
1873,108,338304,130229
1874,108,378115,324903
1875,108,508693,305706
1876,108,723182,227851
1877,108,186259,619087
1878,108,263245,365463
1879,108,552042,840663
1880,108,808445,352011
1881,108,252779,926279
1882,108,152181,851532
1883,108,540728,439381
1884,108,485932,365512
1885,108,299600,826137
1886,108,970215,572240
1887,108,963157,980150
1888,108,821545,555928
1889,108,206056,211672
1890,108,982179,722246
1891,108,740299,360684
1892,108,381619,576178
1893,108,128070,807158
1894,108,821738,995695
1895,108,719803,384608
1896,108,225820,128184
1897,108,753064,473187
1898,108,530899,635228
1899,108,989853,435387
1900,108,789314,690144
1901,108,308361,272738
1902,108,232156,918196
1903,108,401781,522829
1904,108,960622,867294
1905,108,233395,687905
1906,109,711874,446040
1907,109,545273,566226
1908,109,875568,496186
1909,109,916559,755765
1910,109,934746,414104
1911,109,403203,272185
1912,109,880398,484835
1913,109,720394,535097
1914,109,489258,635479
1915,109,411588,303398
1916,109,812691,776527
1917,109,205103,226982
1918,109,983447,770917
1919,109,938800,552651
1920,109,973698,977945
1921,109,385295,295176
1922,109,600214,274605
1923,109,141904,681799
1924,109,654659,799795
1925,109,992914,870420
1926,109,773420,894785
1927,109,548507,432543
1928,109,188487,380285
1929,109,266116,112429
1930,109,571121,857632
1931,109,785764,700873
1932,109,432029,115385
1933,109,810620,283502
1934,109,748349,875851
1935,109,137460,237679
1936,109,140362,759796
1937,109,531988,184641
1938,109,804847,672449
1939,109,420848,951029
1940,109,376985,517899
1941,109,292032,673283
1942,109,828016,330009
1943,109,142786,218223
1944,109,933048,846980
1945,109,879459,562567
1946,109,860107,756973
1947,109,886479,227841
1948,109,257126,415118
1949,109,185064,244626
1950,109,589625,378576
1951,109,273202,598806
1952,109,138143,940816
1953,109,196931,649185
1954,109,520876,972655
1955,109,127809,720642
1956,109,439570,370506
1957,109,611657,359387
1958,109,303284,664860
1959,109,919858,383520
1960,109,560230,962300
1961,109,319950,625906
1962,109,118225,723974
1963,109,414855,156247
1964,109,833573,476237
1965,109,141160,525645
1966,109,673966,788005
1967,109,254051,448436
1968,109,375978,404094
1969,109,220574,755103
1970,109,673165,485113
1971,109,976052,134375
1972,109,448327,690876
1973,109,962972,940761
1974,109,165032,101796
1975,109,658458,645913
1976,109,537354,116233
1977,109,426851,875911
1978,109,710871,795214
1979,109,638350,664583
1980,109,586700,825639
1981,109,186706,605093
1982,109,649528,858074
1983,109,916401,839225
1984,109,872456,537914
1985,109,566431,703344
1986,109,335271,249021
1987,109,564073,493527
1988,109,143430,258553
1989,109,125899,500119
1990,109,301024,189182
1991,109,410123,364964
1992,109,396599,871396
1993,109,124985,551405
1994,109,334599,140800
1995,109,819326,608353
1996,109,959524,782761
1997,109,794779,600748
1998,109,576660,368973
1999,109,600374,800225
2000,109,436618,822006
2001,109,662589,438532
2002,109,201513,693818
2003,109,157603,713963
2004,109,639955,500512
2005,109,621148,507629
2006,109,131828,994161
2007,109,619511,423556
2008,109,904722,927335
2009,109,650550,726474
2010,109,616550,541191
2011,109,267218,200285
2012,109,874662,641367
2013,109,520456,987669
2014,109,133320,887406
2015,109,215389,661911
2016,109,433016,341525
2017,109,369736,705443
2018,109,676173,675922
2019,109,510958,998715
2020,109,637142,803299
2021,109,793471,930398
2022,109,778590,406730
2023,109,871834,688592
2024,109,794699,806213
2025,109,361102,352151
2026,109,333574,663568
2027,109,303922,803201
2028,109,349168,421750
2029,109,889033,711239
2030,109,897855,985452
2031,109,169385,971447
2032,109,499732,136349
2033,109,252915,641324
2034,109,907430,698783
2035,109,974463,295985
2036,109,730710,645825
2037,109,777062,338344
2038,109,685541,612113
2039,109,524544,170606
2040,109,142592,981688
2041,109,316141,263282
2042,109,191185,112917
2043,109,102361,642868
2044,109,508128,883647
2045,109,677835,880926
2046,109,439651,577946
2047,109,875152,699543
2048,109,686938,349771
2049,109,443996,347602
2050,109,404094,936265
2051,109,564971,749279
2052,109,606558,569599
2053,109,537477,874751
2054,109,905459,981362
2055,109,613403,981581
2056,109,350296,983898
2057,109,677631,276725
2058,109,738004,762603
2059,109,586745,953864
2060,109,171348,495330
2061,109,565374,676096
2062,109,848448,113711
2063,109,666714,574800
2064,109,364339,317656
2065,109,755857,736427
2066,109,218105,865990
2067,109,195741,295580
2068,109,302327,566249
2069,109,824018,680422
2070,109,563615,371470
2071,109,183412,921329
2072,109,388777,835265
2073,109,213461,453678
2074,109,108233,929087
2075,109,135472,906710
2076,109,114014,945357
2077,109,634398,365978
2078,109,201849,241968
2079,109,213600,653266
2080,109,575442,386804
2081,109,139305,845312
2082,109,959743,135374
2083,109,864357,252862
2084,109,755714,417119
2085,109,662362,506435
2086,109,285434,424717
2087,109,259888,330677
2088,109,673514,930821
2089,109,544811,748257
2090,109,123848,533355
2091,109,720052,171850
2092,109,635126,691827
2093,109,779869,860168
2094,109,615855,474518
2095,109,872020,167258
2096,109,282046,563864
2097,109,722944,117452
2098,109,574491,511570
2099,109,642882,247407
2100,109,946000,841486
2101,109,174763,399867
2102,109,654339,276386
2103,109,667581,984880
2104,109,637111,637113
2105,109,832330,503560
2106,109,978111,643305
2107,109,497889,379759
2108,109,756609,954665
2109,109,900136,490859
2110,109,268463,252873
2111,109,648051,664828
2112,109,878630,361057
2113,109,297532,148763
2114,109,343249,777586
2115,109,386486,982607
2116,109,701064,903852
2117,109,449951,953443
2118,109,921213,694366
2119,109,298210,941781
2120,109,252450,984421
2121,109,686226,766919
2122,109,712289,943986
2123,109,606992,147974
2124,109,732404,934067
2125,109,269541,200215
2126,109,494446,286133
2127,109,810483,232013
2128,109,775854,251545
2129,109,805247,368659
2130,109,829130,898430
2131,109,987505,351498
2132,109,912476,263619
2133,109,310319,175311
2134,109,712668,152007
2135,109,229642,171340
2136,109,331403,330305
2137,109,544063,549495
2138,109,929103,692686
2139,109,215333,371461
2140,109,869486,307647
2141,109,489543,365235
2142,109,877856,519385
2143,109,171849,362458
2144,109,412553,113135
2145,109,931000,968330
2146,109,470843,924604
2147,109,268670,124544
2148,109,554407,836672
2149,109,495841,629150
2150,109,537030,721144
2151,109,649545,299047
2152,109,599227,777927
2153,109,853279,119484
2154,109,106619,412859
2155,109,925259,463936
2156,109,731461,830622
2157,109,961260,881329
2158,109,630303,364972
2159,109,971362,155000
2160,109,214632,470190
2161,109,421154,211029
2162,109,926570,982760
2163,109,129671,640363
2164,109,890288,258033
2165,109,159635,175435
2166,109,520344,993852
2167,109,628767,609642
2168,109,105958,891894
2169,109,225845,583095
2170,109,171770,985848
2171,109,295931,598606
2172,109,276864,174004
2173,109,438479,501116
2174,110,498599,280479
2175,110,786524,235501
2176,110,893797,571862
2177,110,320575,517210
2178,110,258347,514830
2179,110,287471,117786
2180,110,311581,364918
2181,110,676484,851893
2182,110,737057,891619
2183,110,950192,901622
2184,110,183250,344598
2185,110,356244,873771
2186,110,256704,640956
2187,110,972475,692006
2188,110,722468,151040
2189,110,850038,354324
2190,110,133207,394392
2191,110,481896,807103
2192,110,869769,951393
2193,110,294516,103543
2194,110,719030,908315
2195,110,956813,256298
2196,110,697028,477310
2197,110,664271,980635
2198,110,590890,447654
2199,110,792630,554147
2200,110,746011,856808
2201,110,509619,272168
2202,110,697552,482937
2203,110,784839,778459
2204,110,419788,334455
2205,110,584581,891894
2206,110,949137,929848
2207,110,780234,445826
2208,110,827083,187286
2209,110,810492,247621
2210,110,206163,230845
2211,110,966933,391368
2212,110,276920,880914
2213,110,154308,155096
2214,110,783139,517549
2215,110,944693,235398
2216,110,449619,826848
2217,110,132411,995050
2218,110,543387,557988
2219,110,658846,361522
2220,110,190042,524264
2221,110,260244,725005
2222,110,467914,416118
2223,110,716251,960050
2224,110,387271,180993
2225,110,303573,643205
2226,110,527363,222749
2227,110,627829,954413
2228,110,737413,701901
2229,110,548633,262479
2230,110,896642,200966
2231,110,743113,394555
2232,110,248429,709903
2233,110,486114,888907
2234,110,249689,852183
2235,110,107934,183073
2236,110,985408,348099
2237,110,110524,583744
2238,110,425505,648076
2239,110,817102,641812
2240,110,950784,775369
2241,110,340597,948924
2242,110,510418,899449
2243,110,706553,195459
2244,110,377611,383524
2245,110,143640,535779
2246,110,798538,135191
2247,110,603123,796726
2248,110,840031,914396
2249,110,188682,379773
2250,110,774200,244307
2251,110,455067,616577
2252,110,991556,812586
2253,110,763380,125118
2254,110,917355,152440
2255,110,801699,752897
2256,110,951849,272719
2257,110,406415,624695
2258,110,351958,109036
2259,110,580302,440601
2260,110,755056,140654
2261,110,771287,439138
2262,110,988367,438631
2263,110,818725,660756
2264,110,859659,502627
2265,110,590284,540847
2266,110,702525,647447
2267,110,879070,261988
2268,110,287338,816753
2269,110,404338,589826
2270,110,264653,390376
2271,110,815706,339714
2272,110,240992,356721
2273,110,702833,636900
2274,110,830320,344939
2275,110,304325,203592
2276,110,498221,175189
2277,110,624865,556056
2278,110,943730,763224
2279,110,853045,343014
2280,110,556756,785610
2281,110,509992,445286
2282,110,516921,426289
2283,110,185264,327098
2284,110,925498,944609
2285,110,583311,217119
2286,110,421963,305522
2287,110,498939,354649
2288,110,993020,702486
2289,110,150554,909311
2290,110,267475,619437
2291,110,363822,253405
2292,110,339174,195708
2293,110,381212,105685
2294,110,659494,563431
2295,110,700991,727679
2296,110,757212,591592
2297,110,344784,732328
2298,110,639512,352592
2299,110,237298,183287
2300,110,662115,948737
2301,110,244142,298157
2302,110,271692,511523
2303,110,635670,190781
2304,110,194895,169392
2305,110,635871,437294
2306,110,863692,237739
2307,110,701180,874040
2308,110,424891,142298
2309,110,599742,900738
2310,110,799189,289280
2311,110,780393,816623
2312,110,613097,328902
2313,110,425669,175583
2314,110,332555,893264
2315,110,893013,491698
2316,110,889109,330419
2317,110,579698,327846
2318,110,722564,196226
2319,110,212754,377592
2320,110,190998,261286
2321,110,237094,866190
2322,110,542488,479945
2323,110,414971,286993
2324,110,819349,887991
2325,110,731031,926351
2326,110,854019,777370
2327,110,403747,195530
2328,110,702754,227360
2329,110,184289,534569
2330,110,610568,545089
2331,110,154552,814794
2332,110,805751,624405
2333,110,191650,894001
2334,110,933009,525434
2335,110,464568,163869
2336,110,691872,569913
2337,110,876269,510637
2338,110,849953,347151
2339,110,380567,780057
2340,110,889118,365717
2341,110,899791,413286
2342,110,700149,168950
2343,110,502065,476575
2344,110,424123,776874
2345,110,211405,102013
2346,110,231623,319434
2347,110,445606,416466
2348,110,117065,884370
2349,110,833309,121508
2350,110,486437,718621
2351,110,365190,928615
2352,110,727951,499141
2353,110,467040,720168
2354,110,157056,702478
2355,110,571081,759584
2356,110,441655,205867
2357,110,127658,824786
2358,110,427367,885702
2359,110,267611,704838
2360,110,881796,974265
2361,110,979599,966213
2362,110,688199,317987
2363,110,394066,257261
2364,110,751588,412521
2365,110,747837,461166
2366,110,787338,813035
2367,110,520856,484804
2368,110,312345,328951
2369,110,400230,244969
2370,110,508467,851524
2371,110,810567,380539
2372,110,798031,743394
2373,110,828685,160308
2374,110,261051,167258
2375,110,932692,439514
2376,110,363671,780409
2377,110,566470,700352
2378,110,179685,585761
2379,110,860753,399969
2380,110,296101,308681
2381,110,994986,862028
2382,110,106411,275160
2383,110,482378,640922
2384,110,429807,956388
2385,110,814287,747947
2386,110,591939,762293
2387,110,580865,466764
2388,110,432207,189279
2389,110,871281,507650
2390,110,808617,225679
2391,110,664113,455098
2392,110,762404,738983
2393,110,519186,567422
2394,110,346868,624424
2395,110,551969,946489
2396,110,621618,505543
2397,110,170776,735127
2398,110,947945,592695
2399,110,979635,392640
2400,110,923118,386416
2401,110,621358,521122
2402,110,619087,365847
2403,110,531798,265908
2404,110,643656,355418
2405,110,764674,845487
2406,110,544514,522119
2407,110,210963,370318
2408,110,759015,172370
2409,110,209450,385206
2410,110,293027,730783
2411,110,476503,773822
2412,110,915953,489672
2413,110,924787,451213
2414,110,852794,477586
2415,110,561022,166692
2416,110,519768,606939
2417,110,487063,611915
2418,110,520948,597800
2419,110,957639,672073
2420,110,403799,854513
2421,110,683143,102968
2422,110,438225,658028
2423,110,768983,455723
2424,110,714045,871243
2425,110,813874,223734
2426,110,785869,487789
2427,110,609111,682220
2428,110,755674,397311
2429,110,998920,974131
2430,110,958856,687285
2431,110,513169,415734
2432,110,187460,777008
2433,110,596740,755462
2434,110,841702,447906
2435,110,371412,117409
2436,110,647288,200578
2437,110,752577,567720
2438,110,273480,632244
2439,110,283644,481458
2440,110,894408,134170
2441,110,925881,444912
2442,110,872873,369103
2443,110,614435,361574
2444,110,847376,227008
2445,110,712803,727045
2446,110,549047,348310
2447,110,962982,255980
2448,110,932203,573893
2449,110,381162,607249
2450,110,812271,321844
2451,110,608889,934586
2452,110,693996,129439
2453,110,208152,942812
2454,110,757722,816996
2455,110,352863,712909
2456,110,549519,670501
2457,110,269525,183332
2458,110,694578,982538
2459,110,587718,411597
2460,110,926995,420945
2461,110,884423,627391
2462,110,922823,996484
2463,110,962652,526487
2464,110,704445,636398
2465,110,353038,886127
2466,110,895611,748104
2467,110,754547,308853
2468,110,570902,121924
2469,110,844208,533254
2470,110,394415,197026
2471,110,408331,337109
2472,110,586127,498236
2473,110,110026,165276
2474,110,388220,236154
2475,110,845798,289400
2476,110,295085,262945
2477,110,953901,633042
2478,110,579140,200643
2479,110,160074,617773
2480,110,865346,129086
2481,110,124932,651177
2482,110,671532,195523
2483,110,654976,746991
2484,110,295394,869580
2485,110,762278,761776
2486,110,643965,873373
2487,110,827823,256401
2488,110,232594,307501
2489,110,448830,601458
2490,110,337123,819696
2491,110,743231,270341
2492,110,422474,913561
2493,110,198964,384163
2494,110,989672,801635
2495,110,993088,103046
2496,110,811295,651460
2497,110,855389,117555
2498,110,955020,282593
2499,110,506656,759327
2500,110,215000,708245
2501,110,992836,904438
2502,110,594651,292569
2503,110,632974,394777
2504,110,270556,470578
2505,110,406527,336673
2506,110,508565,604835
2507,110,975139,663791
2508,110,286326,420537
2509,110,199443,383183
2510,110,320125,958839
2511,110,997834,294167
2512,110,236890,182970
2513,110,488729,833282
2514,110,447706,699274
2515,110,851203,317084
2516,110,153066,808157
2517,110,652062,422599
2518,110,431622,342755
2519,110,759401,316136
2520,110,255875,431487
2521,110,665284,736017
2522,110,380495,235461
2523,110,256097,927350
2524,110,303623,452923
2525,110,221664,437010
2526,110,711888,416352
2527,110,369272,480000
2528,110,245671,513485
2529,110,824906,222686
2530,110,530992,137239
2531,110,373297,439728
2532,110,919411,749473
2533,110,440123,928184
2534,110,573555,540354
2535,110,986106,626735
2536,110,278079,416314
2537,110,602289,226083
2538,110,580718,699927
2539,110,275694,966050
2540,110,369861,310733
2541,110,766825,891975
2542,110,367817,842733
2543,110,359497,358620
2544,110,482717,269393
2545,110,701029,506028
2546,110,144633,706397
2547,110,425949,981964
2548,110,279933,188626
2549,110,840721,638563
2550,110,299141,210515
2551,110,306704,697581
2552,110,872428,722465
2553,110,261920,195025
2554,110,891568,496237
2555,110,396613,595336
2556,110,880082,351326
2557,110,400791,488174
2558,110,961905,247588
2559,110,264956,460306
2560,110,306570,415623
2561,110,323093,819972
2562,110,953051,984513
2563,110,107980,164572
2564,110,880613,775454
2565,110,824634,558623
2566,110,918314,417589
2567,110,846176,107487
2568,110,192467,888273
2569,110,331769,368937
2570,110,399987,934611
2571,110,728626,194844
2572,110,452371,537887
2573,110,581782,897055
2574,110,989109,637998
2575,110,381165,793526
2576,110,301349,937886
2577,110,959473,941306
2578,110,957912,712436
2579,110,647476,850953
2580,110,889433,413639
2581,110,283627,509104
2582,110,665290,262195
2583,110,163124,114947
2584,110,213714,358258
2585,110,517999,988823
2586,110,357414,930263
2587,110,295507,612786
2588,110,472510,121577
2589,110,620664,791795
2590,110,427383,621541
2591,110,633717,734274
2592,110,118285,910502
2593,110,555728,747493
2594,110,389882,388585
2595,110,439957,808751
2596,110,491024,956187
2597,110,361381,581039
2598,110,698561,199143
2599,110,441032,308814
2600,110,531350,719844
2601,110,234517,120785
2602,110,828865,157879
2603,110,501474,603992
2604,110,202576,169419
2605,110,564839,184151
2606,110,528168,977984
2607,110,912089,315078
2608,110,782608,721978
2609,110,706211,474984
2610,110,301328,217750
2611,110,582972,953354
2612,110,286940,874370
2613,110,251690,277298
2614,110,716551,164963
2615,110,735634,644390
2616,110,546211,631695
2617,110,972417,162031
2618,110,658046,171852
2619,110,150279,432637
2620,110,492946,252297
2621,110,727423,228726
2622,110,979618,838787
2623,110,537180,754472
2624,110,449612,169252
2625,110,479765,660335
2626,110,919818,157319
